graph_kind,V,E,dijkstra_s,prim_s,bellman_ford_s,dijkstra_ops_theory,prim_ops_theory,bellman_ford_ops_theory
dense,10,48,2.379999205004424e-05,1.9400002202019095e-05,4.339999577496201e-05,232,192,480
dense,20,191,4.020000051241368e-05,3.91000066883862e-05,0.00010479999764356762,1055,955,3820
dense,40,774,0.00010180000390391797,0.00016589999722782522,0.00033510000503156334,4884,4644,30960
dense,80,3264,0.00034499999310355633,0.0005778000049758703,0.0020446999988052994,23408,22848,261120
dense,120,7279,0.0006698999932268634,0.001456999991205521,0.004575700004352257,51793,50953,873480
dense,160,12702,0.0011172999948030338,0.0027125999913550913,0.008940200001234189,102896,101616,2032320
