graph_kind,V,E,dijkstra_s,prim_s,bellman_ford_s,dijkstra_ops_theory,prim_ops_theory,bellman_ford_ops_theory
sparse,20,60,4.599991370923817e-06,2.750000567175448e-05,1.679999695625156e-05,400,300,1200
sparse,40,120,4.180001269560307e-05,5.919999966863543e-05,8.040000102482736e-05,960,720,4800
sparse,80,240,8.490000618621707e-05,0.0001297999988310039,0.00024479998683091253,2240,1680,19200
sparse,160,480,0.00017899999511428177,0.00023999999393709004,0.0004121999954804778,5120,3840,76800
sparse,320,960,0.00039450000622309744,0.0006087000074330717,0.0009142000053543597,11520,8640,307200
sparse,500,1500,0.0006085999921197072,0.001021699994453229,0.0013393999979598448,18000,13500,750000
